{
    
    "BMW":
    
        [
            {"desc":"Education","gender":"Increase","value":11},
            {"desc":"Education","gender":"Decrease","value":-60},

            {"desc":"Retail","gender":"Increase","value":9},
            {"desc":"Retail","gender":"Decrease","value":-71},

            {"desc":"Business/Professional Services","gender":"Increase","value":10},
            {"desc":"Business/Professional Services","gender":"Decrease","value":-63},

            {"desc":"Financial Services","gender":"Increase","value":16},
            {"desc":"Financial Services","gender":"Decrease","value":-49},

            {"desc":"Government","gender":"Increase","value":32},
            {"desc":"Government","gender":"Decrease","value":-29},

            {"desc":"Healthcare","gender":"Increase","value":54},
            {"desc":"Healthcare","gender":"Decrease","value":-15}
        ]
        
}
